USE MuseumTicketsDB;
GO

INSERT INTO MuseumComplex (Name) VALUES 
(N'Государственный Эрмитаж'),
(N'Государственный Русский музей');
GO

INSERT INTO Museum (MuseumComplexID, Name, City, Street, House) VALUES 
(10001, N'Зимний дворец', N'Санкт-Петербург', N'Дворцовая наб.', N'34'),
(10001, N'Главный штаб', N'Санкт-Петербург', N'Дворцовая пл.', N'6'),
(10001, N'Зимний дворец Петра I', N'Санкт-Петербург', N'Дворцовая наб.', N'32'),
(10001, N'Дворец Меншикова', N'Санкт-Петербург', N'Университетская наб.', N'15'),
(10001, N'Музей фарфора', N'Санкт-Петербург', N'пр. Обуховской Обороны', N'151'),
(10002, N'Михайловский дворец', N'Санкт-Петербург', N'Инженерная ул.', N'4'),
(10002, N'Корпус Бенуа', N'Санкт-Петербург', N'наб. канала Грибоедова', N'2'),
(10002, N'Мраморный дворец', N'Санкт-Петербург', N'Миллионная ул.', N'5'),
(10002, N'Строгановский дворец', N'Санкт-Петербург', N'Невский пр.', N'17'),
(10002, N'Михайловский замок', N'Санкт-Петербург', N'Садовая ул.', N'2');
GO


INSERT INTO Exhibition (Name, Photo) VALUES 
(N'Шедевры Рембрандта', NULL),
(N'Золото скифов', NULL),
(N'Импрессионисты', NULL),
(N'Искусство Востока', NULL),
(N'Петровская эпоха', NULL),
(N'История гвардии', NULL),
(N'Архитектура барокко', NULL),
(N'Быт аристократии', NULL),
(N'Фарфоровая сказка', NULL),
(N'Техника росписи', NULL),
(N'Русская икона', NULL),
(N'Передвижники', NULL),
(N'Авангард XX века', NULL),
(N'Современное искусство', NULL),
(N'Портретная галерея', NULL),
(N'Скульптура Летнего сада', NULL),
(N'Интерьеры Строгановых', NULL),
(N'Тайны замка', NULL),
(N'Дар меценатов', NULL),
(N'Военная слава', NULL);
GO

INSERT INTO MuseumExhibition (MuseumID, ExhibitionID, StartDate, EndDate) VALUES
(10001, 10001, '2024-01-01', '2024-06-30'),
(10002, 10001, '2024-07-01', '2024-12-31'),
(10003, 10002, '2024-01-01', '2024-06-30'),
(10004, 10002, '2024-07-01', '2024-12-31'),
(10005, 10003, '2024-01-01', '2024-06-30'),
(10006, 10003, '2024-07-01', '2024-12-31'),
(10007, 10004, '2024-01-01', '2024-06-30'),
(10008, 10004, '2024-07-01', '2024-12-31'),
(10009, 10005, '2024-01-01', '2024-06-30'),
(10010, 10005, '2024-07-01', '2024-12-31'),
(10001, 10006, '2024-01-01', '2024-06-30'),
(10002, 10007, '2024-01-01', '2024-06-30'),
(10003, 10008, '2024-01-01', '2024-06-30'),
(10004, 10009, '2024-01-01', '2024-06-30'),
(10005, 10010, '2024-01-01', '2024-06-30'),
(10001, 10011, '2024-01-01', '2024-06-30'),
(10002, 10012, '2024-01-01', '2024-06-30'),
(10003, 10013, '2024-01-01', '2024-06-30'),
(10004, 10014, '2024-01-01', '2024-06-30'),
(10005, 10015, '2024-01-01', '2024-06-30'),
(10001, 10016, '2024-01-01', '2024-06-30'),
(10002, 10017, '2024-01-01', '2024-06-30'),
(10003, 10018, '2024-01-01', '2024-06-30'),
(10004, 10019, '2024-01-01', '2024-06-30'),
(10005, 10020, '2024-01-01', '2024-06-30');
GO


INSERT INTO Ticket (ExhibitionID, Type, Status, AvailableQuantity) VALUES
(10001, N'Взрослый', N'Доступен', 50),
(10001, N'Детский', N'Доступен', 30),
(10002, N'Взрослый', N'Доступен', 40),
(10002, N'Детский', N'Доступен', 20),
(10003, N'Взрослый', N'Доступен', 60),
(10003, N'Детский', N'Доступен', 35),
(10004, N'Взрослый', N'Доступен', 25),
(10004, N'Детский', N'Доступен', 15),
(10005, N'Взрослый', N'Доступен', 45),
(10005, N'Детский', N'Доступен', 25),
(10006, N'Взрослый', N'Доступен', 50),
(10006, N'Детский', N'Доступен', 30),
(10007, N'Взрослый', N'Доступен', 40),
(10007, N'Детский', N'Доступен', 20),
(10008, N'Взрослый', N'Доступен', 60),
(10008, N'Детский', N'Доступен', 35),
(10009, N'Взрослый', N'Доступен', 25),
(10009, N'Детский', N'Доступен', 15),
(10010, N'Взрослый', N'Доступен', 45),
(10010, N'Детский', N'Доступен', 25),
(10011, N'Взрослый', N'Доступен', 50),
(10012, N'Взрослый', N'Доступен', 50),
(10013, N'Взрослый', N'Доступен', 50),
(10014, N'Взрослый', N'Доступен', 50),
(10015, N'Взрослый', N'Доступен', 50),
(10016, N'Взрослый', N'Доступен', 50),
(10017, N'Взрослый', N'Доступен', 50),
(10018, N'Взрослый', N'Доступен', 50),
(10019, N'Взрослый', N'Доступен', 50),
(10020, N'Взрослый', N'Доступен', 50);
GO

INSERT INTO TicketPrice (TicketID, Price, StartDate, EndDate)
SELECT t.TicketID,
       CASE 
            WHEN t.ExhibitionID = 10001 THEN 500
            WHEN t.ExhibitionID = 10002 THEN 300
            WHEN t.ExhibitionID = 10003 THEN 450
            WHEN t.ExhibitionID = 10004 THEN 250
            WHEN t.ExhibitionID = 10005 THEN 600
            WHEN t.ExhibitionID >= 10006 AND t.ExhibitionID <= 10020 THEN 300
       END,
       '2024-01-01', '2024-12-31'
FROM Ticket t
WHERE t.Type = N'Взрослый';
GO

INSERT INTO TicketPrice (TicketID, Price, StartDate, EndDate)
SELECT t.TicketID,
       CASE 
            WHEN t.ExhibitionID = 10001 THEN 300
            WHEN t.ExhibitionID = 10002 THEN 200
            WHEN t.ExhibitionID = 10003 THEN 350
            WHEN t.ExhibitionID = 10004 THEN 150
            WHEN t.ExhibitionID = 10005 THEN 300
            WHEN t.ExhibitionID >= 10006 AND t.ExhibitionID <= 10020 THEN 200
       END,
       '2024-01-01', '2024-12-31'
FROM Ticket t
WHERE t.Type = N'Детский';
GO

INSERT INTO MuseumSchedule (MuseumID, StartDate, EndDate, OpenTime, CloseTime) VALUES
(10001, '2024-01-01', '2024-12-31', '10:00', '18:00'),
(10002, '2024-01-01', '2024-12-31', '11:00', '19:00');
GO

INSERT INTO ScheduleDays (MuseumScheduleID, WeekDay) VALUES
(10001, 1),
(10001, 2),
(10001, 3),
(10001, 4),
(10001, 5),
(10002, 1),
(10002, 2),
(10002, 3),
(10002, 4),
(10002, 5),
(10002, 6);
GO

INSERT INTO ScheduleExceptions (MuseumScheduleID, ExceptionDate, IsOpen, OpenTime, CloseTime) VALUES
(10001, '2024-03-08', 0, NULL, NULL),
(10001, '2024-03-10', 1, '10:00', '16:00'),
(10002, '2024-05-01', 0, NULL, NULL),
(10002, '2024-05-02', 1, '11:00', '15:00');
GO